conduit,from-to,slope,D_m,length_m,V_mean_dry,V_p10_dry,Q_mean_Ls,Q_max_Ls,tau_full_Pa
G72F020_G72K020_l1,,-0.01363,1.6875,16.1,0.069,0.024,4.13,5.68,0.0
G72F030_G72F020_l1,,0.00667,1.6875,80.8,0.074,0.025,4.03,5.65,0.0
G72K010_G72F010_l1,,0.00245,1.6875,4.5,0.125,0.06,4.15,5.68,0.0
G72K020_G72K010_l1,,0.00165,1.6875,36.4,0.193,0.112,4.13,5.66,0.0
G72F010_G71F200_l1,,-0.00109,1.6875,36.8,0.219,0.122,5.07,6.77,0.0
G73F000_G72F120_l1,,0.00438,1.0,63.9,0.208,0.145,2.2,3.53,10.74
G71F140_G71F130_l1,,-0.00018,1.6875,56.8,0.24,0.153,5.22,6.98,0.0
G64F080_G64F070_l1,,0.00025,0.6,81.0,0.24,0.165,7.46,11.42,0.36
G73F010_G73F000_l1,,0.00356,1.0,53.4,0.25,0.17,2.09,3.43,8.73
G65F110_G65F090_l1,,0.00015,0.6,66.4,0.262,0.175,7.15,10.78,0.22
F74F380_F74F370_l1,,0.00056,0.5,71.7,0.26,0.184,9.76,17.11,0.68
G60F090_G60F070_l1,,0.0,0.5,58.1,0.301,0.187,7.96,13.43,0.0
G70F040_G70F030_l1,,0.00169,0.6,70.9,0.272,0.188,5.54,8.89,2.49
G63F010_G60F210_l1,,0.00032,0.6,95.2,0.269,0.188,8.19,13.46,0.46
G65F120_G65F110_l1,,0.00228,0.6,48.2,0.283,0.188,7.18,10.85,3.36
G64F040_G64F030_l1,,0.00025,0.6,80.6,0.276,0.189,8.12,12.71,0.37
G70F030_G70F020_l1,,0.00053,0.6,56.3,0.285,0.189,5.92,9.29,0.78
G64F060_G64F040_l1,,0.00149,0.6,80.5,0.279,0.191,8.18,12.73,2.19
G65F030_G65F020_l1,,0.00128,0.6,70.3,0.279,0.194,6.98,10.5,1.88
G63F020_G63F010_l1,,0.00138,0.6,79.5,0.281,0.199,8.25,13.49,2.04
G60F110_G60F090_l1,,0.00353,0.5,62.3,0.305,0.201,8.0,13.44,4.33
G64F030_G64F020_l1,,0.00142,0.6,84.2,0.294,0.205,8.08,12.69,2.1
G64F020_G64F010_l1,,0.00043,0.6,70.4,0.294,0.206,8.04,12.67,0.63
G65F090_G65F080_l1,,0.00131,0.6,68.6,0.3,0.209,7.13,10.72,1.93
G65F010_G64F080_l1,,0.00325,0.6,73.8,0.304,0.211,7.51,11.47,4.79
G65F080_G65F070_l1,,0.00064,0.6,62.3,0.301,0.211,7.1,10.68,0.94
G73F020_G73F010_l1,,0.00211,1.0,19.0,0.277,0.212,2.09,3.44,5.17
G65F060_G65F040_l1,,0.00099,0.6,80.5,0.3,0.214,7.04,10.57,1.46
G70F020_G70F010_l1,,0.00176,0.6,56.8,0.318,0.215,5.9,9.22,2.59
G65F020_G65F010_l1,,0.00062,0.6,80.5,0.31,0.215,6.94,10.47,0.91
G64F070_G64F060_l1,,0.00075,0.6,80.4,0.305,0.218,7.41,11.39,1.1
G65F040_G65F030_l1,,0.00087,0.6,80.8,0.312,0.222,7.01,10.54,1.27
G73F030_G73F020_l1,,0.0047,1.0,31.9,0.29,0.223,2.09,3.44,11.52
G71F160_G71F140_l1,,0.00119,1.6875,58.7,0.297,0.224,5.13,6.87,0.0
F74F390_F74F380_l1,,0.00083,0.5,72.3,0.302,0.23,9.81,17.13,1.02
G72F080_G72F070_l1,,0.00163,1.6875,61.4,0.361,0.235,3.63,5.16,0.0
G71F180_G71F170_l1,,0.0013,1.6875,46.0,0.336,0.236,5.06,6.8,0.0
G71F120_G71F110_l1,,0.00162,1.6875,61.7,0.341,0.238,5.37,7.18,0.0
G70F010_G65F130_l1,,0.00127,0.6,71.0,0.339,0.238,7.23,10.92,1.86
G65F070_G65F060_l1,,0.00136,0.6,80.7,0.334,0.239,7.07,10.64,2.01
G71F170_G71F160_l1,,0.0016,1.6875,81.0,0.337,0.239,5.12,6.86,0.0
G73F040_G73F030_l1,,0.0031,1.0,45.2,0.313,0.242,2.09,3.46,7.6
G63F040_G63F030_l1,,0.00099,0.6,80.7,0.336,0.245,8.33,13.51,1.46
F74F430_F74F420_l1,,0.00072,0.5,27.7,0.335,0.245,9.91,17.14,0.88
G60F180_G60F170_l1,,0.00297,0.6,63.9,0.345,0.248,8.13,13.45,4.38
G60F170_G60F160_l1,,0.00093,0.5,64.2,0.356,0.251,8.1,13.45,1.15
G63F080_G63F070_l1,,0.00156,0.6,76.8,0.347,0.252,7.92,12.64,2.3
G63F070_G63F060_l1,,0.00112,0.6,80.6,0.345,0.252,7.88,12.63,1.64
F74F370_F74F360_l1,,0.00019,0.5,51.3,0.361,0.255,9.72,17.11,0.24
G71F130_G71F120_l1,,0.00175,1.6875,28.5,0.36,0.257,5.22,6.99,0.0
G63F060_G63F040_l1,,0.00175,0.6,80.2,0.353,0.258,8.37,13.51,2.57
G60F210_G60F190_l1,,0.00106,0.6,18.8,0.363,0.26,8.17,13.46,1.56
G64F010_G63F090_l1,,0.00149,0.6,80.6,0.359,0.261,8.0,12.66,2.19
G65F130_G65F120_l1,,0.0014,0.6,64.2,0.373,0.261,7.2,10.89,2.06
G63F090_G63F080_l1,,0.00131,0.6,84.2,0.361,0.263,7.96,12.65,1.92
G60F130_G60F120_l1,,0.00287,0.5,62.8,0.384,0.265,8.05,13.44,3.52
G63F030_G63F020_l1,,0.00142,0.6,77.7,0.368,0.272,8.29,13.5,2.08
G60F120_G60F110_l1,,0.00124,0.5,56.2,0.395,0.274,8.02,13.44,1.53
G71F190_G71F180_l1,,0.00409,1.6875,46.5,0.393,0.276,5.06,6.79,0.0
F74F440_F74F430_l1,,0.00188,0.5,53.3,0.374,0.276,9.94,17.15,2.3
G71F110_G71F100_l1,,0.00175,1.6875,57.3,0.412,0.284,5.35,7.17,0.0
G73K040_G73F040_l1,,0.01401,1.0,7.2,0.369,0.285,2.09,3.47,34.36
F74F410_F74F390_l1,,0.00198,0.5,65.6,0.379,0.285,9.85,17.14,2.43
G71F020_G71F010_l1,,0.003,0.5,70.0,0.412,0.287,5.62,9.55,3.68
F74F420_F74F410_l1,,0.00121,0.5,90.5,0.391,0.289,9.88,17.14,1.49
G71F070_G71F06R_l1,,0.00235,0.482,42.5,0.425,0.294,5.45,7.33,2.78
G71F010_G70F070_l1,,0.00233,0.5,68.6,0.424,0.295,5.6,9.35,2.86
G72F095_G72F090_l1,,0.00481,1.35,6.2,0.48,0.295,3.3,4.78,0.0
G70F070_G70F060_l1,,0.00359,0.5,58.5,0.429,0.298,5.59,9.21,4.4
G70F060_G70F050_l1,,0.00248,0.5,56.6,0.435,0.303,5.58,9.14,3.04
G71F100_G71F04R_l1,,0.00605,1.6875,44.6,0.444,0.303,5.38,7.21,0.0
G71F200_G71F190_l1,,0.00255,1.6875,105.9,0.437,0.303,5.06,6.77,0.0
G71F060_G71F040_l1,,0.00269,0.482,137.7,0.434,0.305,5.65,11.73,3.18
G70F050_G70F040_l1,,0.00392,0.5,66.3,0.435,0.306,5.56,9.04,4.81
G60F160_G60F140_l1,,0.00235,0.5,34.0,0.433,0.31,8.08,13.44,2.88
G60F190_G60F180_l1,,0.00194,0.6,41.3,0.43,0.311,8.15,13.46,2.85
G71F06R_G71F060_l1,,0.00372,0.482,18.6,0.452,0.317,5.62,7.53,4.39
G71F040_G71F030_l1,,0.00292,0.5,68.5,0.459,0.32,5.65,10.36,3.58
G72K060_G72F060_l1,,0.00461,1.6875,39.3,0.479,0.32,3.68,5.23,0.0
G60F140_G60F130_l1,,0.00213,0.5,32.9,0.448,0.32,8.06,13.44,2.61
G71F090_G71F265_l1,,0.00215,1.6875,78.7,0.438,0.324,5.36,7.21,0.0
G71F030_G71F020_l1,,0.00415,0.5,62.7,0.472,0.332,5.64,9.91,5.09
G72F070_G72K060_l1,,0.00594,1.6875,20.0,0.495,0.334,3.62,5.16,0.0
G72F060_G72K050_l1,,0.00524,1.6875,32.5,0.516,0.347,3.7,5.26,0.0
G60F030_G60F020_l1,,0.00208,0.5,62.4,0.476,0.352,9.99,17.15,2.55
G71F265_G71F070_l2,,0.00369,0.277,8.1,0.522,0.36,5.46,7.33,2.51
G60F040_G60F030_l1,,0.00431,0.5,69.6,0.501,0.369,10.02,17.16,5.29
G60F020_G60F010_l1,,0.00316,0.5,50.7,0.512,0.37,9.97,17.15,3.87
G72F040_G72F030_l1,,0.0063,1.6875,103.2,0.546,0.37,3.93,5.54,0.0
G72F050_G72F040_l1,,0.0068,1.6875,20.6,0.552,0.376,3.92,5.52,0.0
G72K050_G72F050_l1,,0.00661,1.6875,22.7,0.554,0.376,3.78,5.36,0.0
G72F100_G72F095_l1,,0.00809,1.35,51.9,0.514,0.382,3.2,4.68,0.0
G60F060_G60F040_l1,,0.0027,0.5,70.4,0.528,0.389,10.04,17.16,3.31
G73F050_G73K040_l1,,0.01425,1.0,5.5,0.509,0.394,2.07,3.45,34.96
G60F070_G60F060_l1,,0.00521,0.5,65.3,0.544,0.401,10.07,17.16,6.38
G72K100_G72F100_l1,,0.00596,1.29375,52.2,0.538,0.411,3.2,4.68,0.0
G72F110_G72K100_l1,,0.00628,1.29375,33.4,0.508,0.413,3.16,4.63,0.0
F74F445_F74F440_l1,,0.00895,0.5,21.2,0.563,0.422,9.95,17.15,10.97
G72F120_G72F110_l1,,0.00728,1.29375,57.7,0.522,0.424,3.13,4.59,0.0
G60F230_G60F60Y_l1,,0.0154,0.7,59.1,0.581,0.486,2.13,3.86,26.43
G72F090_G72F080_l1,,0.00652,1.35,59.9,0.594,0.575,3.6,5.12,0.0
